Workbook

Sheet seed_987654321
A1: GEN | B1: MEJOR FITNESS | C1: PROM FITNESS | D1: DESV. EST FITNESS | F1: seed 987654321
A2: 1 | B2: -635 | C2: -1112.5 | D2: 274.20567
A3: 2 | B3: -635 | C3: -1134.5 | D3: 294.63919
A4: 3 | B4: -320 | C4: -1041 | D4: 384.38782
A5: 4 | B5: -320 | C5: -913.75 | D5: 337.3458
A6: 5 | B6: -215 | C6: -850 | D6: 422.22624
A7: 6 | B7: -215 | C7: -733.25 | D7: 342.96602
A8: 7 | B8: -150 | C8: -965.25 | D8: 415.50113
A9: 8 | B9: -150 | C9: -975.5 | D9: 409.91737
A10: 9 | B10: -45 | C10: -776 | D10: 496.23986
A11: 10 | B11: -45 | C11: -887.25 | D11: 514.8118
A12: 11 | B12: -45 | C12: -804.5 | D12: 519.74729
A13: 12 | B13: -30 | C13: -647.5 | D13: 591.24762
... A51: 50 | B51: 530 | C51: -682.75 | D51: 551.76869

Sheet seed_123456789
A1: GEN | B1: MEJOR FITNESS | C1: PROM FITNESS | D1: DESV. EST FITNESS | F1: seed 123456789
A2: 1 | B2: -810 | C2: -1364.75 | D2: 333.41594
A3: 2 | B3: -760 | C3: -1286.5 | D3: 328.78602
A4: 3 | B4: -760 | C4: -1423.75 | D4: 401.85468
A5: 4 | B5: -670 | C5: -1242 | D5: 364.61075
A6: 5 | B6: 105 | C6: -1216 | D6: 498.5845
A7: 6 | B7: -535 | C7: -1146.25 | D7: 362.86662
A8: 7 | B8: -535 | C8: -1385.75 | D8: 386.85357
A9: 8 | B9: -535 | C9: -1351 | D9: 356.1341
A10: 9 | B10: -535 | C10: -1312.5 | D10: 396.35685
A11: 10 | B11: -515 | C11: -1279.75 | D11: 478.34474
A12: 11 | B12: -515 | C12: -1195.5 | D12: 386.12466
A13: 12 | B13: -535 | C13: -1208 | D13: 349.19336
... A51: 50 | B51: 120 | C51: -860.75 | D51: 565.66394

Sheet seed_121212
A1: GEN | B1: MEJOR FITNESS | C1: PROM FITNESS | D1: DESV. EST FITNESS | F1: seed 121212
A2: 1 | B2: -490 | C2: -1222.25 | D2: 449.1366
A3: 2 | B3: -25 | C3: -950 | D3: 392.35188
A4: 3 | B4: -25 | C4: -1015.5 | D4: 534.75672
A5: 4 | B5: 105 | C5: -1108 | D5: 628.39359
A6: 5 | B6: 390 | C6: -749.75 | D6: 509.34388
A7: 6 | B7: 390 | C7: -764.75 | D7: 564.04006
A8: 7 | B8: 390 | C8: -806.25 | D8: 516.42249
A9: 8 | B9: 390 | C9: -527.75 | D9: 617.22863
A10: 9 | B10: 390 | C10: -683.75 | D10: 571.84979
A11: 10 | B11: 390 | C11: -759.5 | D11: 621.64882
A12: 11 | B12: 390 | C12: -552 | D12: 452.64611
A13: 12 | B13: 390 | C13: -681.5 | D13: 566.25546
... A51: 50 | B51: 565 | C51: -624 | D51: 609.98893

Sheet Summary
A1: GEN | B1: best fitness out of all seeds | C1: std of best seeds | D1: fitness prom out of all seeds | E1: std out of all seeds prom fitness | F1: best fitness out of all
A2: 1 | B2: =AVERAGE(seed_987654321!B2,seed_123456789!B2,seed_121212!B2) -> -645 | C2: =_xlfn.STDEV.P(seed_987654321!B2,seed_123456789!B2,seed_121212!B2) -> 130.83068 | D2: =AVERAGE(seed_987654321!C2,seed_123456789!C2,seed_121212!C2) -> -1233.1667 | E2: =_xlfn.STDEV.P(seed_987654321!C2,seed_123456789!C2,seed_121212!C2) -> 103.26954 | F2: =MAX(seed_987654321!B2,seed_123456789!B2,seed_121212!B2) -> -490
A3: 2 | B3: =AVERAGE(seed_987654321!B3,seed_123456789!B3,seed_121212!B3) -> -473.33333 | C3: =_xlfn.STDEV.P(seed_987654321!B3,seed_123456789!B3,seed_121212!B3) -> 321.10054 | D3: =AVERAGE(seed_987654321!C3,seed_123456789!C3,seed_121212!C3) -> -1123.6667 | E3: =_xlfn.STDEV.P(seed_987654321!C3,seed_123456789!C3,seed_121212!C3) -> 137.58896 | F3: =MAX(seed_987654321!B3,seed_123456789!B3,seed_121212!B3) -> -25
A4: 3 | B4: =AVERAGE(seed_987654321!B4,seed_123456789!B4,seed_121212!B4) -> -368.33333 | C4: =_xlfn.STDEV.P(seed_987654321!B4,seed_123456789!B4,seed_121212!B4) -> 302.00258 | D4: =AVERAGE(seed_987654321!C4,seed_123456789!C4,seed_121212!C4) -> -1160.0833 | E4: =_xlfn.STDEV.P(seed_987654321!C4,seed_123456789!C4,seed_121212!C4) -> 186.7309 | F4: =MAX(seed_987654321!B4,seed_123456789!B4,seed_121212!B4) -> -25
A5: 4 | B5: =AVERAGE(seed_987654321!B5,seed_123456789!B5,seed_121212!B5) -> -295 | C5: =_xlfn.STDEV.P(seed_987654321!B5,seed_123456789!B5,seed_121212!B5) -> 316.88589 | D5: =AVERAGE(seed_987654321!C5,seed_123456789!C5,seed_121212!C5) -> -1087.9167 | E5: =_xlfn.STDEV.P(seed_987654321!C5,seed_123456789!C5,seed_121212!C5) -> 134.75786 | F5: =MAX(seed_987654321!B5,seed_123456789!B5,seed_121212!B5) -> 105
A6: 5 | B6: =AVERAGE(seed_987654321!B6,seed_123456789!B6,seed_121212!B6) -> 93.333333 | C6: =_xlfn.STDEV.P(seed_987654321!B6,seed_123456789!B6,seed_121212!B6) -> 247.12795 | D6: =AVERAGE(seed_987654321!C6,seed_123456789!C6,seed_121212!C6) -> -938.58333 | E6: =_xlfn.STDEV.P(seed_987654321!C6,seed_123456789!C6,seed_121212!C6) -> 200.38716 | F6: =MAX(seed_987654321!B6,seed_123456789!B6,seed_121212!B6) -> 390
A7: 6 | B7: =AVERAGE(seed_987654321!B7,seed_123456789!B7,seed_121212!B7) -> -120 | C7: =_xlfn.STDEV.P(seed_987654321!B7,seed_123456789!B7,seed_121212!B7) -> 383.55791 | D7: =AVERAGE(seed_987654321!C7,seed_123456789!C7,seed_121212!C7) -> -881.41667 | E7: =_xlfn.STDEV.P(seed_987654321!C7,seed_123456789!C7,seed_121212!C7) -> 187.70648 | F7: =MAX(seed_987654321!B7,seed_123456789!B7,seed_121212!B7) -> 390
A8: 7 | B8: =AVERAGE(seed_987654321!B8,seed_123456789!B8,seed_121212!B8) -> -98.333333 | C8: =_xlfn.STDEV.P(seed_987654321!B8,seed_123456789!B8,seed_121212!B8) -> 379.39279 | D8: =AVERAGE(seed_987654321!C8,seed_123456789!C8,seed_121212!C8) -> -1052.4167 | E8: =_xlfn.STDEV.P(seed_987654321!C8,seed_123456789!C8,seed_121212!C8) -> 244.47711 | F8: =MAX(seed_987654321!B8,seed_123456789!B8,seed_121212!B8) -> 390
A9: 8 | B9: =AVERAGE(seed_987654321!B9,seed_123456789!B9,seed_121212!B9) -> -98.333333 | C9: =_xlfn.STDEV.P(seed_987654321!B9,seed_123456789!B9,seed_121212!B9) -> 379.39279 | D9: =AVERAGE(seed_987654321!C9,seed_123456789!C9,seed_121212!C9) -> -951.41667 | E9: =_xlfn.STDEV.P(seed_987654321!C9,seed_123456789!C9,seed_121212!C9) -> 336.52157 | F9: =MAX(seed_987654321!B9,seed_123456789!B9,seed_121212!B9) -> 390
A10: 9 | B10: =AVERAGE(seed_987654321!B10,seed_123456789!B10,seed_121212!B10) -> -63.333333 | C10: =_xlfn.STDEV.P(seed_987654321!B10,seed_123456789!B10,seed_121212!B10) -> 377.85212 | D10: =AVERAGE(seed_987654321!C10,seed_123456789!C10,seed_121212!C10) -> -924.08333 | E10: =_xlfn.STDEV.P(seed_987654321!C10,seed_123456789!C10,seed_121212!C10) -> 277.22211 | F10: =MAX(seed_987654321!B10,seed_123456789!B10,seed_121212!B10) -> 390
A11: 10 | B11: =AVERAGE(seed_987654321!B11,seed_123456789!B11,seed_121212!B11) -> -56.666667 | C11: =_xlfn.STDEV.P(seed_987654321!B11,seed_123456789!B11,seed_121212!B11) -> 369.55679 | D11: =AVERAGE(seed_987654321!C11,seed_123456789!C11,seed_121212!C11) -> -975.5 | E11: =_xlfn.STDEV.P(seed_987654321!C11,seed_123456789!C11,seed_121212!C11) -> 221.36857 | F11: =MAX(seed_987654321!B11,seed_123456789!B11,seed_121212!B11) -> 390
A12: 11 | B12: =AVERAGE(seed_987654321!B12,seed_123456789!B12,seed_121212!B12) -> -56.666667 | C12: =_xlfn.STDEV.P(seed_987654321!B12,seed_123456789!B12,seed_121212!B12) -> 369.55679 | D12: =AVERAGE(seed_987654321!C12,seed_123456789!C12,seed_121212!C12) -> -850.66667 | E12: =_xlfn.STDEV.P(seed_987654321!C12,seed_123456789!C12,seed_121212!C12) -> 264.72827 | F12: =MAX(seed_987654321!B12,seed_123456789!B12,seed_121212!B12) -> 390
A13: 12 | B13: =AVERAGE(seed_987654321!B13,seed_123456789!B13,seed_121212!B13) -> -58.333333 | C13: =_xlfn.STDEV.P(seed_987654321!B13,seed_123456789!B13,seed_121212!B13) -> 378.16075 | D13: =AVERAGE(seed_987654321!C13,seed_123456789!C13,seed_121212!C13) -> -845.66667 | E13: =_xlfn.STDEV.P(seed_987654321!C13,seed_123456789!C13,seed_121212!C13) -> 256.58408 | F13: =MAX(seed_987654321!B13,seed_123456789!B13,seed_121212!B13) -> 390
... A51: 50 | B51: =AVERAGE(seed_987654321!B51,seed_123456789!B51,seed_121212!B51) -> 405 | C51: =_xlfn.STDEV.P(seed_987654321!B51,seed_123456789!B51,seed_121212!B51) -> 202.03135 | D51: =AVERAGE(seed_987654321!C51,seed_123456789!C51,seed_121212!C51) -> -722.5 | E51: =_xlfn.STDEV.P(seed_987654321!C51,seed_123456789!C51,seed_121212!C51) -> 100.6568 | F51: =MAX(seed_987654321!B51,seed_123456789!B51,seed_121212!B51) -> 565
